Done?,key,title,year,month,day,journal,issn,volume,issue,pages,authors,url,language,publisher,location,notes,doi,keywords,pubmed_id,pmc_id,PDF files
not available?,rayyan-380414782,Audible signals during intolerant behaviour of Rattus fuscipes,1975,,,Australian Journal of Zoology,0004-959X,23,1,103-112,"Barnett, SA and Stewart, AP",,,,,,,,,,
not available?,rayyan-380414748,"Calling behaviour of the yellow-bellied glider, Petaurus australis Shaw (Marsupialia: Petauridae).",1982,,,Australian Mammalogy,0310-0049,5,2,95-111,"Kavanagh, RP and Rohan-Jones, WG",,,,,,,,,,
not available?,rayyan-380414747,"Vocalisations of adult Northern Quolls, Dasyurus hallucatus.",1994,,,Australian Mammalogy,0310-0049,17,1,43-49,"Dempster, EDITH R",,,,,,,,,,
x,rayyan-380414593,Vocal communication of the wild Japanese monkey,1963,,,Primates,0032-8332,4,2,11-66,"Itani, Junichiro",,,,,,,,,,
x,rayyan-305067912,"Vocal repertoire of the squirrel monkey (Saimiri sciureus), its analysis and significance.",1966,,,Experimental brain research,0014-4819 (Print),1,4,359-84,Winter P and Ploog D and Latta J,https://pubmed.ncbi.nlm.nih.gov/4958770/,eng,,Germany,"RAYYAN-INCLUSION: {""Dori""=>""Included""}",10.1007/BF00237707,"Adaptation, Biological;Animals;*Behavior, Animal;Biological Evolution;*Communication;Female;*Haplorhini;Male;Sound;Tape Recording",4958770,,
x,rayyan-380414703,Catalogue of sounds of the pigtailed macaque (Macaca nemestrina),1967,,,Journal of Zoology,0952-8369,152,3,361-373,"Grimm, RJ",,,,,,,,,,
x,rayyan-380414587,"Vocalizations of the least weasel, Mustela nivalis",1968,,,Journal of Mammalogy,0022-2372,49,3,548-550,"Huff, JN and Price, EO",,,,,,,,,,
x,rayyan-380414700,Comparative studies on vocalization in marmoset monkeys (Hapalidae),1968,,,Folia primatologica,0015-5713,8,1,1-40,"Epple, Gisela",,,,,,,,,,
x,rayyan-380414766,"Sound communications of black-tailed, white-tailed, and Gunnison's prairie dogs",1970,,,American Midland Naturalist,0003-0031,,,167-185,"Waring, George H",,,,,,,,,,
x,rayyan-380414787,"The sounds of the fox squirrel, Sciurus niger rufiventer",1971,,,Journal of Mammalogy,1545-1542,52,3,597-604,"Zelley, R Alan",,,,,,,,,,
x,rayyan-380414668,"Vocalization in the guinea-pig, Cavia porcellus L.",1974,,,Annales Zoologici Fennici,,,,,"Arvola, Alpo",,,,,,,,,,
x,rayyan-380414702,Field and laboratory studies of the vocalizations of talapoin monkeys (Miopithecus talapoin),1974,,,Behaviour,0005-7959,51,3,209-271,"Gautier, Jean-Pierre",,,,,,,,,,
x,rayyan-380414706,The vocalizations of pygmy marmosets (Cebuella pygmaea),1975,,,Animal Behaviour,0003-3472,23,,826-842,"Pola, Yvonne V and Snowdon, Charles T",,,,,,,,,,
x,rayyan-380414710,Vocal repertoire of the mongoose Herpestes auropunctatus,1975,,,Behaviour,0005-7959,55,3,237-267,"Mulligan, BE and Nellis, DW",,,,,,,,,,
x,rayyan-380414711,Vocalizations of Australian hopping mice (Rodentia: Notomys),1975,,,Journal of Zoology,0952-8369,177,2,247-263,"Watts, CHS",,,,,,,,,,
x,rayyan-305067841,Quantitative analysis of the vocal repertoire of squirrel monkeys (Saimiri sciureus).,1975,10,,Zeitschrift fur Tierpsychologie,0044-3573 (Print),38,3,225-50,Schott D,https://pubmed.ncbi.nlm.nih.gov/813419/,eng,,Germany,"RAYYAN-INCLUSION: {""Dori""=>""Included""}",10.1111/j.1439-0310.1975.tb02002.x,"Animals;Behavior, Animal;Communication;Female;Haplorhini/*physiology;Male;Saimiri/*physiology;Vocal Cords/physiology;*Voice",813419,,
x,rayyan-380414794,The vocal repertoire of chipmunks (genus Eutamias) in California,1976,,,Animal Behaviour,0003-3472,24,2,319-335,"Brand, Leonard R",,,,,,,,,,
x,rayyan-380414705,Vocalizations and their behavioral contexts in the tamarin Saguinus fuscicollis,1976,,,Folia primatologica,0015-5713,25,2,73-94,"Moody, Margaret I and Menzel, jr, Emil W",,,,,,,,,,
x,rayyan-305067426,Vocalizations of howler monkeys (Alouatta palliata) in southwestern Panama.,1976,,,Folia primatologica; international journal of primatology,0015-5713 (Print),26,2,81-108,Baldwin JD and Baldwin JI,https://pubmed.ncbi.nlm.nih.gov/821833/,eng,,Netherlands,"RAYYAN-INCLUSION: {""Dori""=>""Included""}",10.1159/000155733,"Alouatta/*physiology;Animals;Female;Haplorhini/*physiology;Male;Panama;Social Behavior;*Vocalization, Animal",821833,,
x,rayyan-380414771,The vocal repertoire of Spermophilus tridecemlineatus,1977,,,American Midland Naturalist,0003-0031,,,482-487,"Matocha, Kenneth G",,,,,,,,,,
x,rayyan-305067503,Vocalizations of South African mustelines.,1977,7,,Zeitschrift fur Tierpsychologie,0044-3573 (Print),44,3,283-93,Channing A and Rowe Rowe DT,https://pubmed.ncbi.nlm.nih.gov/930442/,eng,,Germany,"RAYYAN-INCLUSION: {""Dori""=>""Included""}",10.1111/j.1439-0310.1977.tb00996.x,"Africa, Southern;Animal Communication;Animals;Carnivora/*physiology;Female;Male;Sex Factors;Species Specificity;Vocalization, Animal/*physiology",930442,,
x,rayyan-380414652,"Acoustic Communication in the Rock Hyrax, Procavia capensis",1977,1,12,Zeitschrift für Tierpsychologie,0044-3573,44,2,194-219,"Fourie, P. B.",https://doi.org/10.1111/j.1439-0310.1977.tb00993.x,,,,,,10.1111/j.1439-0310.1977.tb00993.x,,,
x,rayyan-305067360,Vocalization in the cat and kitten.,1978,11,,Developmental psychobiology,0012-1630 (Print),11,6,559-70,Brown KA and Buchwald JS and Johnson JR and Mikolich DJ,https://pubmed.ncbi.nlm.nih.gov/720761/,eng,,United States,"RAYYAN-INCLUSION: {""Dori""=>""Included""}",10.1002/dev.420110605,"Age Factors;Animals;Behavior, Animal;Cats;Maternal Deprivation;Motivation;*Vocalization, Animal",720761,,
x,rayyan-380414585,"Vocalizations of the American pine marten, Martes americana",1978,,,Journal of Mammalogy,0022-2372,59,4,871-874,"Belan, Ingrid and Lehner, Philip N and Clark, Tim",,,,,,,,,,
x,rayyan-380414800,Pattern analysis of acoustical behavior in four species of ground squirrels,1978,,,Journal of Mammalogy,1545-1542,59,4,677-696,"Koeppl, JW and Hoffmann, RS and Nadler, CF",,,,,,,,,,
x,rayyan-380414798,Structure and function of the vocalizations of tree squirrels (Tamiasciurus),1978,,,Journal of Mammalogy,1545-1542,59,4,793-808,"Smith, Christopher C",,,,,,,,,,
x,rayyan-380414778,Vocalizations of grasshopper mice (genus Onychomys),1979,,,Journal of Mammalogy,1545-1542,60,1,85-94,"Hafner, Mark S and Hafner, David J",,,,,,,,,,
x,rayyan-380414707,An analysis of the organization of vocal communication in the titi monkey Callicebus moloch,1979,,,Zeitschrift für Tierpsychologie,0044-3573,49,4,381-405,"Robinson, John G",,,,,,,,,,
x,rayyan-380414713,Single‐note vocalizations of California ground squirrels: Graded signals and situation‐specificity of predator and socially evoked calls,1980,,,Zeitschrift für Tierpsychologie,0044-3573,52,3,227-246,"Leger, Daniel W and Owings, Donald H and Gelfand, Deborah L",,,,,,,,,,
x,rayyan-380414712,"The vocal repertoires of the bush dog (Speothos venaticus), crab-eating fox (Cerdocyon thous), and maned wolf (Chrysocyon brachyurus)",1981,,,Animal Behaviour,0003-3472,29,3,649-669,"Brady, Charles A",,,,,,,,,,
x,rayyan-380414737,Alarm Communication in Belding's Ground Squirrels,1981,1,12,Zeitschrift für Tierpsychologie,0044-3573,56,2,150-168,"Robinson, Scott R.",https://doi.org/10.1111/j.1439-0310.1981.tb01293.x,,,,,,10.1111/j.1439-0310.1981.tb01293.x,,,
x,rayyan-380414715,A field study on the vocalizations of Goeldi's monkeys (Callimico goeldii),1982,,,Primates,0032-8332,23,2,206-219,"Masataka, Nobuo",,,,,,,,,,
x,rayyan-380414651,The Complex Vocal Repertoire of the Adult Cotton-top Tamarin (Saguinus oedipus oedipus)),1982,1,12,Zeitschrift für Tierpsychologie,0044-3573,58,3,231-270,"Cleveland, Jayne and Snowdon, Charles T.",https://doi.org/10.1111/j.1439-0310.1982.tb00320.x,,,,,,10.1111/j.1439-0310.1982.tb00320.x,,,
x,rayyan-380414645,Vocalizations and Associated Behaviors of the African Elephant (Loxodonta africana) in Captivity,1983,1,12,Zeitschrift für Tierpsychologie,0044-3573,63,1,63-79,"Berg, Judith Kay",https://doi.org/10.1111/j.1439-0310.1983.tb00741.x,,,,,,10.1111/j.1439-0310.1983.tb00741.x,,,
x,rayyan-380414801,Vocalizations of Belding's ground squirrels (Spermophilus beldingi),1984,,,Animal Behaviour,0003-3472,32,3,753-764,"Leger, Daniel W and Berney-Key, Susan D and Sherman, Paul W",,,,,,,,,,
x,rayyan-380414582,Vocal communication in raccoons (Procyon lotor),1984,,,Behaviour,0005-7959,90,1,80-113,"Sieber, Otto J",,,,,,,,,,
x,rayyan-380414784,Alarm vocalizations of adult gray squirrels,1984,,,Journal of Mammalogy,0022-2372,65,4,681-684,"Lishak, Robert S",,,,,,,,,,
x,rayyan-380414708,The vocal repertoire of the adult Senegal bushbaby (Galago senegalensis senegalensis),1985,,,Behaviour,0005-7959,,,212-233,"Zimmermann, Elke",,,,,,,,,,
x,rayyan-305067195,Vocal communication in lion-tailed macaques (Macaca silenus).,1985,,,Folia primatologica; international journal of primatology,0015-5713 (Print),45,3,148-78,Hohmann GM and Herzog MO,https://pubmed.ncbi.nlm.nih.gov/3833623/,eng,,Netherlands,"RAYYAN-INCLUSION: {""Dori""=>""Included""}",10.1159/000156226,"Animals;Behavior, Animal;Female;Macaca/*physiology;Male;Sound Spectrography;Vocalization, Animal/*physiology",3833623,,
x,rayyan-380414586,Vocalizations of the Siberian ferret (Mustela eversmanni) and comparisons with other mustelids,1987,,,Journal of mammalogy,0022-2372,68,2,413-416,"Farley, Sean D and Lehner, Philip N and Clark, Tim and Trost, Charles",,,,,,,,,,
x,rayyan-380414716,The study of vocal communication of wild mandrills in Cameroon in relation to their social structure,1987,,,Primates,0032-8332,28,3,289-308,"Kudo, Hiroko",,,,,,,,,,
x,rayyan-380414805,Comparison of vocalizations between and within Spermophilus elegans elegans and S. richardsonii,1987,,,Journal of mammalogy,0022-2372,68,4,853-857,"Fagerstone, Kathleen A",,,,,,,,,,
x,rayyan-305067471,Preliminary observations on squirrel monkey (Saimiri oerstedi) vocalizations in Costa Rica.,1988,,,American journal of primatology,1098-2345 (Electronic),14,4,329-343,Boinski S and Newman JD,https://pubmed.ncbi.nlm.nih.gov/31968913/,eng,,United States,"RAYYAN-INCLUSION: {""Dori""=>""Included""}",10.1002/ajp.1350140403,,31968913,,
x,rayyan-380414575,Vocal behavior of captive Sichuan golden monkeys (Rhinopithecus r. roxellana),1988,,,American journal of primatology,0275-2565,14,1,1-9,"Tenaza, RR and Fitch, HM and Lindburg, DG",,,,,,,,,,
x,rayyan-380414643,The social contexts of some very low frequency calls of African elephants,1988,6,1,Behavioral Ecology and Sociobiology,1432-0762,22,6,385-392,"Poole, Joyce H. and Payne, Katherine and Langbauer, William R. and Moss, Cynthia J.",https://doi.org/10.1007/BF00294975,,,,,,10.1007/BF00294975,,,
x,rayyan-380414601,"The Communicative Repertoire of Captive Bonobos (Pan Paniscus), Compared To That of Chimpanzees",1988,,,Behaviour,,106,3,183-251,"Waal, Frans B. M. De",https://brill.com/view/journals/beh/106/3-4/article-p183_1.xml,,,,,,10.1163/156853988X00269,,,
x,rayyan-380414709,"Vocalization of captive water mongooses, Atilax paludinosus",1988,,,Zeitschrift für Säugetierkunde,0044-3468,53,2,83-91,"Baker, Carolyn M",,,,,,,,,,
x,rayyan-380414758,The vocal repertoire of adult tree shrews (Tupaia belangeri),1989,,,Behaviour,0005-7959,109,1,142-162,"Binz, H and Zimmermann, E",,,,,,,,,,
x,rayyan-305067274,"Comparative study of vocal communication in two Asian leaf monkeys, Presbytis johnii and Presbytis entellus.",1989,,,Folia primatologica; international journal of primatology,0015-5713 (Print),52,1,27-57,Hohmann G,https://pubmed.ncbi.nlm.nih.gov/2807093/,eng,,Netherlands,"RAYYAN-INCLUSION: {""Dori""=>""Included""}",10.1159/000156380,"Age Factors;Animals;Cercopithecidae/*physiology;Female;India;Male;Sex Characteristics;*Vocalization, Animal",2807093,,
x,rayyan-380414592,Vocal communication of wild bonnet macaques (Macaca radiata),1989,,,Primates,0032-8332,30,3,325-345,"Hohmann, G",,,,,,,,,,
x,rayyan-380414722,Vocalizations of Adult Gelada Baboons (Theropithecus gelada): Acoustic Structure and Behavioural Context,1990,2,14,Folia Primatologica,,55,3,109-132,"Aich, Helga and Moos-Heilen, Regina and Zimmermann, Elke",https://brill.com/view/journals/ijfp/55/3-4/article-p109_1.xml,English,,,,,10.1159/000156508,,,
x,rayyan-305067868,Acoustic signaling in the black rat (Rattus rattus).,1990,9,,"Journal of comparative psychology (Washington, D.C. : 1983)",0735-7036 (Print),104,3,227-32,Kaltwasser MT,https://pubmed.ncbi.nlm.nih.gov/2225759/,eng,,United States,"RAYYAN-INCLUSION: {""Dori""=>""Included""}",10.1037/0735-7036.104.3.227,"Agonistic Behavior;*Animal Communication;Animals;Animals, Newborn/psychology;Arousal;Orientation;Rats/*psychology;Sexual Behavior, Animal;Social Environment;Sound Spectrography;*Species Specificity;*Vocalization, Animal",2225759,,
x,rayyan-305067351,Comparative analyses of age- and sex-specific patterns of vocal behaviour in four species of Old World monkeys.,1991,,,Folia primatologica; international journal of primatology,0015-5713 (Print),56,3,133-56,Hohmann G,https://pubmed.ncbi.nlm.nih.gov/1885113/,eng,,Netherlands,"RAYYAN-INCLUSION: {""Dori""=>""Included""}",10.1159/000156538,"Aging/*physiology;Animals;Cercopithecidae/*physiology;Female;Macaca/*physiology;Male;*Sex Characteristics;Species Specificity;Tape Recording;*Vocalization, Animal",1885113,,
x,rayyan-380414591,A preliminary study of vocal communication in wild long-tailed macaques (Macaca fascicularis). I. Vocal repertoire and call emission,1992,,,International Journal of Primatology,0164-0291,13,2,143-182,"Palombit, Ryne A",,,,,,,,,,
x,rayyan-380414796,"Estrous calls in captive Asian chipmunks, Tamias sibiricus",1992,,,Journal of mammalogy,1545-1542,73,3,597-603,"Blake, Barbara H",,,,,,,,,,
x,rayyan-380414684,Vocal repertoires and classification of the sika deer Cervus nippon,1992,,,Journal of the Mammalogical Society of Japan,0914-1855,17,2,71-94,"Minami, Masato and Kawamichi, Takeo",,,,,,,,,,
x,rayyan-305067150,The vocal repertoire of the ringtailed lemur (Lemur catta).,1993,,,Folia primatologica; international journal of primatology,0015-5713 (Print),61,4,186-217,Macedonia JM,https://pubmed.ncbi.nlm.nih.gov/7959437/,eng,,Netherlands,"RAYYAN-INCLUSION: {""Dori""=>""Included""}",10.1159/000156749,"Aging/physiology;Animals;Female;Lemur/growth & development/*psychology;Male;Maternal Behavior;Paternal Behavior;Predatory Behavior;Primates/psychology;Species Specificity;*Vocalization, Animal",7959437,,
x,rayyan-380414590,Vocal communication of Tonkean macaques in confined environments,1993,,,Primates,0032-8332,34,2,169-180,"Masataka, Nobuo and Thierry, Bernard",,,,,,,,,,
x,rayyan-380414759,Role of sound communication in mating of Malaysian Callosciurus (Sciuridae),1993,,,Journal of Mammalogy,1545-1542,74,2,468-476,"Tamura, Noriko",,,,,,,,,,
x,rayyan-380414760,Vocalizations in response to predators in three species of Malaysian Callosciurus (Sciuridae),1993,,,Journal of Mammalogy,1545-1542,74,3,703-714,"Tamura, Noriko and Yong, Hoi-Sen",,,,,,,,,,
x,rayyan-380414738,"Context-specific alarm calls of the eastern chipmunk, Tamias striatus",1994,6,1,Canadian Journal of Zoology,0008-4301,72,6,1087-1092,"Silva, Karen Burke da and Kramer, Donald L. and Weary, Daniel M.",https://doi.org/10.1139/z94-146,,,,,<p>doi: 10.1139/z94-146</p>,10.1139/z94-146,,,
x,rayyan-380414648,Analysis of acoustic elements and syntax in communication sounds emitted by mustached bats,1994,9,1,The Journal of the Acoustical Society of America,0001-4966,96,3,1229-1254,"Kanwal, Jagmeet S. and Matsumura, Sumiko and Ohlemiller, Kevin and Suga, Nobuo",https://doi.org/10.1121/1.410273,,,,,,10.1121/1.410273,,,
x,rayyan-380414616,"Repertoire, Structure, and Individual Variation of Vocalizations in the Sea Otter",1995,5,19,Journal of Mammalogy,0022-2372,76,2,414-427,"McShane, Laura J. and Estes, James A. and Riedman, Marianne L. and Staedler, Michelle M.",https://doi.org/10.2307/1382352,,,,,,10.2307/1382352,,,
x,rayyan-380414714,"Acoustic communication in the aardwolf, Proteles cristatus (Carnivona: Hyaenidae).",1997,,,Zeitschrift fur Saugetierkunde,0044-3468,62,4,219-238,"Peters, G and Sliwa, A",,,,,,,,,,
x,rayyan-380414576,The vocal repertoire of Barbary macaques: a quantitative analysis of a graded signal system,1998,,,Ethology,0179-1613,104,3,203-216,"Hammerschmidt, Kurt and Fischer, Julia",,,,,,,,,,
x,rayyan-380414776,40-and 70-kHz vocalizations of mice (Mus musculus) during copulation,1998,,,Physiology & behavior,0031-9384,63,4,467-473,"White, Nicholas R and Prasad, Manooj and Barfield, Ronald J and Nyby, John G",,,,,,,,,,
x,rayyan-305067326,The role of vocal tract filtering in identity cueing in rhesus monkey (Macaca mulatta) vocalizations.,1998,1,,The Journal of the Acoustical Society of America,0001-4966 (Print),103,1,602-14,Rendall D and Owren MJ and Rodman PS,https://pubmed.ncbi.nlm.nih.gov/9440345/,eng,,United States,"RAYYAN-INCLUSION: {""Dori""=>""Included""}",10.1121/1.421104,"Acoustics;Animals;Macaca mulatta/physiology;Sound Spectrography;Vocal Cords/*physiology;Vocalization, Animal/*physiology",9440345,,
x,rayyan-380414799,"Red squirrels, Tamiasciurus hudsonicus, produce predator-class specific alarm calls",1998,,,Animal Behaviour,0003-3472,55,3,511-518,"Greene, Erick and Meagher, TOM",,,,,,,,,,
x,rayyan-380414683,"Vocalizations in red deer (Cervus elaphus), sika deer (Cervus nippon), and red × sika hybrids",1998,1,1,Journal of Zoology,0952-8369,244,1,123-134,"Long, A. M. and Moore, N.P. and Hayden, T. J.",https://doi.org/10.1111/j.1469-7998.1998.tb00014.x,,,,,,10.1111/j.1469-7998.1998.tb00014.x,vocalizations;Cervus elaphus;Cervus nippon;hybrids;rutting,,
x,rayyan-305067129,Preliminary vocal repertoire and vocal communication of wild bonobos (Pan paniscus) at Lilungu (Democratic Republic of Congo).,1999,11,,Folia primatologica; international journal of primatology,0015-5713 (Print),70,6,328-57,Bermejo M and Omedes A,https://pubmed.ncbi.nlm.nih.gov/10640882/,eng,,Netherlands,"RAYYAN-INCLUSION: {""Dori""=>""Included""}",10.1159/000021717,"Animals;Behavior, Animal;Democratic Republic of the Congo;Female;Male;Pan paniscus/*physiology;Vocalization, Animal/*physiology",10640882,,
x,rayyan-380414583,"Vocal repertoire in the European badger (Meles meles): structure, context, and function",1999,,,Journal of Mammalogy,1545-1542,80,2,570-588,"Wong, Josephine and Stewart, Paul D and Macdonald, David W",,,,,,,,,,
x,rayyan-380414736,Alarm calling in three species of marmots,1999,,,Behaviour,0005-7959,136,6,731-757,"Blumstein, Daniel",,,,,,,,,,
x,rayyan-380414718,Vocal communication in free-ranging African wild dogs (Lycaon pictus),2000,,,Behaviour,0005-7959,,,1271-1298,"Robbins, Robert L",,,,,,,,,,
x,rayyan-380414607,"ECOLOGICAL DETERMINANTS OF VOCALISATION PARAMETERS: THE CASE OF THE CORURO SPALACOPUS CYANUS (OCTODONTIDAE), A FOSSORIAL SOCIAL RODENT",2000,1,1,Bioacoustics,0952-4622,11,2,129-148,"VEITL, SILKE and BEGALL, SABINE and BURDA, HYNEK",https://doi.org/10.1080/09524622.2000.9753455,,,,,<p>doi: 10.1080/09524622.2000.9753455</p>,10.1080/09524622.2000.9753455,,,
x,rayyan-380414750,Use of Vocal Fingerprinting for Specific Discrimination of Gray (Microcebus murinus) and Rufous Mouse Lemurs (Microcebus rufus),2000,10,1,International Journal of Primatology,1573-8604,21,5,837-852,"Zimmermann, Elke and Vorobieva, Ekaterina and Wrogemann, Dorothea and Hafen, Thomas",https://doi.org/10.1023/A:1005594625841,,,,,,10.1023/A:1005594625841,,,
x,rayyan-380414749,Intraspecific Variation in the Vocalizations and Hand Pad Morphology of Southern Lesser Bush Babies (Galago moholi): A Comparison with G. senegalensis,2000,6,1,International Journal of Primatology,1573-8604,21,3,537-555,"Anderson, M. J. and Ambrose, L. and Bearder, S. K. and Dixson, A. F. and Pullen, S.",https://doi.org/10.1023/A:1005400205038,,,,,,10.1023/A:1005400205038,,,
x,rayyan-380414699,The vocal repertoire of the woolly monkey Lagothrix lagothricha,2002,,,Bioacoustics,0952-4622,13,1,1-19,"Casamitjana, Jordi",,,,,,,,,,
x,rayyan-380414604,Acoustic signals of a solitary subterranean rodent Ctenomys talarum (Rodentia: Ctenomyidae): physical characteristics and behavioural correlates,2002,9,1,Journal of Ethology,1439-5444,20,2,123-131,"Schleich, Cristian and Busch, Cristina",https://doi.org/10.1007/s10164-002-0064-9,,,,,,10.1007/s10164-002-0064-9,,,
x,rayyan-380414596,QUANTIFYING ACOUSTIC AND TEMPORAL CHARACTERISTICS OF VOCALIZATIONS FOR A GROUP OF CAPTIVE AFRICAN ELEPHANTS LOXODONTA AFRICANA,2003,1,1,Bioacoustics,0952-4622,13,3,213-231,"LEONG, K. M. and ORTOLANI, A. and BURKS, K. D. and MELLEN, J. D. and SAVAGE, A.",https://doi.org/10.1080/09524622.2003.9753499,,,,,<p>doi: 10.1080/09524622.2003.9753499</p>,10.1080/09524622.2003.9753499,,,
x,rayyan-380414609,Bat serenades—complex courtship songs of the sac-winged bat (Saccopteryx bilineata),2004,6,1,Behavioral Ecology and Sociobiology,1432-0762,56,2,106-115,"Behr, Oliver and von Helversen, Otto",https://doi.org/10.1007/s00265-004-0768-7,,,,,,10.1007/s00265-004-0768-7,,,
x,rayyan-380414578,Vocal repertoire of sooty mangabeys (Cercocebus torquatus atys) in the Taï National Park,2004,,,Ethology,0179-1613,110,4,301-321,"Range, Friederike and Fischer, Julia",,,,,,,,,,
x,rayyan-380414633,Influence of the female sexual cycle on BALB/c mouse calling behaviour during mating,2004,3,1,Naturwissenschaften,1432-1904,91,3,135-138,"Barthelemy, Mathieu and Gourbal, Benjamin E. F. and Gabrion, Claude and Petit, Gilles",https://doi.org/10.1007/s00114-004-0501-4,,,,,,10.1007/s00114-004-0501-4,,,
x,rayyan-380414725,Ultrasonic Songs of Male Mice,2005,11,1,PLOS Biology,,3,12,e386,"Holy, Timothy E and Guo, Zhongsheng",https://doi.org/10.1371/journal.pbio.0030386,,,,,,10.1371/journal.pbio.0030386,,,
x,rayyan-380414673,Automatic classification and speaker identification of African elephant (Loxodonta africana) vocalizations,2005,1,31,The Journal of the Acoustical Society of America,0001-4966,117,2,956-963,"Clemins, Patrick J. and Johnson, Michael T. and Leong, Kirsten M. and Savage, Anne",https://doi.org/10.1121/1.1847850,,,,,,10.1121/1.1847850,,,
x,rayyan-380414589,"The vocal repertoire of Formosan macaques, Macaca cyclopis: acoustic structure and behavioral context",2005,,,ZOOLOGICAL STUDIES-TAIPEI-,1021-5506,44,2,275,"Hsu, Minna J and Chen, Li-Ming and Agoramoorthy, Govindasamy",,,,,,,,,,
x,rayyan-380414646,CLASSIFICATION OF AFRICAN ELEPHANT LOXODONTA AFRICANA RUMBLES USING ACOUSTIC PARAMETERS AND CLUSTER ANALYSIS,2005,1,1,Bioacoustics,0952-4622,15,2,143-161,"WOOD, JASON D. and MCCOWAN, BRENDA and LANGBAUER JR., WILLIAM R. and VILJOEN, JOZUA J. and HART, LYNETTE A.",https://doi.org/10.1080/09524622.2005.9753544,,,,,<p>doi: 10.1080/09524622.2005.9753544</p>,10.1080/09524622.2005.9753544,,,
x,rayyan-305067318,"Vocal communication in adult greater horseshoe bats, Rhinolophus ferrumequinum.",2006,5,,"Journal of comparative physiology. A, Neuroethology, sensory, neural, and behavioral physiology",0340-7594 (Print),192,5,535-50,Ma J and Kobayasi K and Zhang S and Metzner W,https://pubmed.ncbi.nlm.nih.gov/16418857/,eng,,Germany,"RAYYAN-INCLUSION: {""Dori""=>""Included""}",10.1007/s00359-006-0094-9,"Age Factors;Animals;Chiroptera/*physiology;Echolocation/*physiology;*Social Behavior;Sound Spectrography;Vocalization, Animal/*physiology",16418857,,
x,rayyan-380414797,The structure of voice signals of Siberian chipmunk (Tamias sibiricus Laxmann 1769; Rodentia: Sciuridae),2006,,,Russian Journal of Theriology. Русский териологический журнал,1682-3559,5,2,93-98,"Lissovsky, Andrey A and Obolenskaya, Ekaterina V and Emelyanova, Ludmila G",,,,,,,,,,
x,rayyan-380414649,Classification of communication signals of the little brown bat,2006,8,1,The Journal of the Acoustical Society of America,0001-4966,120,2,1095-1102,"Melendez, Karla V. and Jones, Douglas L. and Feng, Albert S.",https://doi.org/10.1121/1.2211488,,,,,,10.1121/1.2211488,,,
x,rayyan-380414605,"VOCALISATIONS OF THE DEGU OCTODON DEGUS, A SOCIAL CAVIOMORPH RODENT",2007,1,1,Bioacoustics,0952-4622,16,3,223-244,"LONG, C. V.",https://doi.org/10.1080/09524622.2007.9753579,,,,,<p>doi: 10.1080/09524622.2007.9753579</p>,10.1080/09524622.2007.9753579,,,
x,rayyan-380414642,Quantitative acoustic analysis of the vocal repertoire of the crowned lemur,2007,10,1,Ethology Ecology & Evolution,0394-9370,19,4,323-343,"Gamba, M. and Giacoma, C.",https://doi.org/10.1080/08927014.2007.9522555,,,,,<p>doi: 10.1080/08927014.2007.9522555</p>,10.1080/08927014.2007.9522555,,,
x,rayyan-380414597,THE VOCAL REPERTOIRE IN NORTHERN WHITE RHINOCEROS CERATOTHERIUM SIMUM COTTONI AS RECORDED IN THE LAST SURVIVING HERD,2008,1,1,Bioacoustics,0952-4622,18,1,69-96,"POLICHT, RICHARD and TOMÁŠOVÁ, KRISTINA and HOLEČKOVÁ, DANA and FRYNTA, DANIEL",https://doi.org/10.1080/09524622.2008.9753591,,,,,<p>doi: 10.1080/09524622.2008.9753591</p>,10.1080/09524622.2008.9753591,,,
x,rayyan-380414682,VOCAL BEHAVIOUR IN THE ENDANGERED CORSICAN DEER: DESCRIPTION AND PHYLOGENETIC IMPLICATIONS,2008,1,1,Bioacoustics,0952-4622,18,2,159-181,"KIDJO, NICOLAS and CARGNELUTTI, BRUNO and CHARLTON, BENJAMIN D. and WILSON, CHRISTIAN and REBY, DAVID",https://doi.org/10.1080/09524622.2008.9753598,,,,,<p>doi: 10.1080/09524622.2008.9753598</p>,10.1080/09524622.2008.9753598,,,
x,rayyan-380414579,"Vocal repertoire of Cebus capucinus: acoustic structure, context, and usage",2008,,,International Journal of Primatology,0164-0291,29,3,641-670,"Gros-Louis, Julie J and Perry, Susan E and Fichtel, Claudia and Wikberg, Eva and Gilkenson, Hannah and Wofsy, Susan and Fuentes, Alex",,,,,,,,,,
x,rayyan-380414674,Structure and Usage of the Vocal Repertoire of Callithrix jacchus,2008,6,1,International Journal of Primatology,1573-8604,29,3,671-701,"Bezerra, Bruna Martins and Souto, Antonio",https://doi.org/10.1007/s10764-008-9250-0,,,,,,10.1007/s10764-008-9250-0,,,
x,rayyan-305067467,"Syllable acoustics, temporal patterns, and call composition vary with behavioral context in Mexican free-tailed bats.",2008,9,,The Journal of the Acoustical Society of America,1520-8524 (Electronic),124,3,1838-48,Bohn KM and Schmidt-French B and Ma ST and Pollak GD,https://pubmed.ncbi.nlm.nih.gov/19045674/,eng,,United States,"RAYYAN-INCLUSION: {""Dori""=>""Included""}",10.1121/1.2953314,"Acoustics;Aggression;Animals;Animals, Newborn;*Behavior, Animal;Chiroptera/*physiology;*Cues;Feeding Behavior;Female;Flight, Animal;Handling, Psychological;Humans;Male;Maternal Behavior;*Pattern Recognition, Physiological;Sexual Behavior, Animal;Sound Spectrography;Time Factors;*Vocalization, Animal",19045674,PMC2676615,
x,rayyan-305067163,"The vocal repertoire in a solitary foraging carnivore, Cynictis penicillata, may reflect facultative sociality.",2009,5,,Die Naturwissenschaften,1432-1904 (Electronic),96,5,575-84,Le Roux A and Cherry MI and Manser MB,https://pubmed.ncbi.nlm.nih.gov/19247627/,eng,,Germany,"RAYYAN-INCLUSION: {""Dori""=>""Included""}",10.1007/s00114-008-0506-5,"Acoustics;Aggression;Animals;Botswana;Ecosystem;Fear;Feeding Behavior/*physiology;Female;Herpestidae/*physiology/psychology;Male;Sexual Behavior, Animal;*Social Behavior;Sound;Vocalization, Animal/*physiology",19247627,,
x,rayyan-305067394,Vocalizations of wild Asian elephants (Elephas maximus): structural classification and social context.,2009,11,,The Journal of the Acoustical Society of America,1520-8524 (Electronic),126,5,2768-78,Nair S and Balakrishnan R and Seelamantula CS and Sukumar R,https://pubmed.ncbi.nlm.nih.gov/19894852/,eng,,United States,"RAYYAN-INCLUSION: {""Dori""=>""Included""}",10.1121/1.3224717,"*Acoustics;Age Factors;Animals;Animals, Wild;*Behavior, Animal;Elephants/*physiology;Female;India;Male;*Social Behavior;Trees;Vocalization, Animal/*physiology",19894852,,
x,rayyan-380414612,The Vocal Repertoire of Two Sympatric Species of Nectar-Feeding Bats (Glossophaga soricina and G. commissarisi),2010,6,1,Acta Chiropterologica,,12,1,205-215,Mirjam Knörnschild and Volker Glöckner and Otto Von Helversen,https://doi.org/10.3161/150811010X504707,,,,,,10.3161/150811010X504707,,,
x,rayyan-305067202,Sex differences in the vocal repertoire of adult red-capped mangabeys (Cercocebus torquatus): A multi-level acoustic analysis.,2010,4,,American journal of primatology,1098-2345 (Electronic),72,4,360-75,Bouchet H and Pellier AS and Blois-Heulin C and Lemasson A,https://pubmed.ncbi.nlm.nih.gov/20052691/,eng,,United States,"RAYYAN-INCLUSION: {""Dori""=>""Included""}",10.1002/ajp.20791,"*Acoustics;Animals;Cercocebus/*physiology;Female;Male;*Sex Characteristics;Sound Spectrography;Vocalization, Animal/*classification/*physiology",20052691,,
x,rayyan-305067392,The use of Artificial Neural Networks to classify primate vocalizations: A pilot study on black lemurs.,2010,4,,American journal of primatology,1098-2345 (Electronic),72,4,337-48,Pozzi L and Gamba M and Giacoma C,https://pubmed.ncbi.nlm.nih.gov/20034021/,eng,,United States,"RAYYAN-INCLUSION: {""Dori""=>""Included""}",10.1002/ajp.20786,"Animals;Female;Lemur/*physiology;Male;*Neural Networks, Computer;Pilot Projects;Vocalization, Animal/*classification",20034021,,
x,rayyan-380414654,Vocal Repertoire of Golden-backed Uakaris (Cacajao melanocephalus): Call Structure and Context,2010,10,1,International Journal of Primatology,1573-8604,31,5,759-778,"Bezerra, Bruna Martins and Souto, Antonio S. and Jones, Gareth",https://doi.org/10.1007/s10764-010-9427-1,,,,,,10.1007/s10764-010-9427-1,,,
x,rayyan-305067104,Not just a pretty song: an overview of the vocal repertoire of Indri indri.,2010,,,Journal of anthropological sciences = Rivista di antropologia : JASS,1827-4765 (Print),88,,151-65,Maretti G and Sorrentino V and Finomana A and Gamba M and Giacoma C,https://pubmed.ncbi.nlm.nih.gov/20834055/,eng,,Italy,"RAYYAN-INCLUSION: {""Dori""=>""Included""}",,"Animals;Female;Madagascar;Male;Strepsirhini/*physiology;Vocalization, Animal/*physiology",20834055,,
x,rayyan-305067620,Identification of multiple call categories within the rich repertoire of adult rat 50-kHz ultrasonic vocalizations: effects of amphetamine and social context.,2010,7,,Psychopharmacology,1432-2072 (Electronic),211,1,1-13,Wright JM and Gourdon JC and Clarke PB,https://pubmed.ncbi.nlm.nih.gov/20443111/,eng,,Germany,"RAYYAN-INCLUSION: {""Dori""=>""Included""}",10.1007/s00213-010-1859-y,"Amphetamine/*pharmacology;Animals;Behavior, Animal/drug effects;Central Nervous System Stimulants/*pharmacology;Dose-Response Relationship, Drug;Fourier Analysis;Individuality;*Interpersonal Relations;Male;Rats;Rats, Long-Evans;Sound Spectrography/methods;Statistics as Topic;Time Factors;*Ultrasonics;Vocalization, Animal/*drug effects",20443111,,
x,rayyan-380414783,"Stereotypic vocalizations in harvest mice (Reithrodontomys): harmonic structure contains prominent and distinctive audible, ultrasonic, and non-linear elements",2010,,,The Journal of the Acoustical Society of America,0001-4966,128,3,1501-1510,"Miller, Jacqueline R and Engstrom, Mark D",,,,,,,,,,
x,rayyan-380414661,Aerial Vocalizations by Wild and Rehabilitating Mediterranean Monk Seals (Monachus monachus) in Greece.,2011,,,Aquatic Mammals,0167-5427,37,3,,"Muñoz, Gabriela and Karamanlidis, Alexandros A and Dendrinos, Panagiotis and Thomas, Jeanette A",,,,,,,,,,
x,rayyan-380414659,Differences between vocalization evoked by social stimuli in feral cats and house cats,2011,6,1,Behavioural Processes,0376-6357,87,2,183-189,"Yeon, Seong C. and Kim, Young K. and Park, Se J. and Lee, Scott S. and Lee, Seung Y. and Suh, Euy H. and Houpt, Katherine A. and Chang, Hong H. and Lee, Hee C. and Yang, Byung G. and Lee, Hyo J.",https://www.sciencedirect.com/science/article/pii/S0376635711000568,,,,,,10.1016/j.beproc.2011.03.003,Vocalization;Feral cat;House cat;Socialization;Spectrogram,,
x,rayyan-380414608,"Vocal Repertoire of Captive Capybara (Hydrochoerus hydrochaeris): Structure, Context and Function",2011,1,1,Ethology,0179-1613,117,1,83-94,"Barros, Kamila S. and Tokumaru, Rosana S. and Pedroza, Janine P. and Nogueira, Selene S. C.",https://doi.org/10.1111/j.1439-0310.2010.01853.x,,,,,,10.1111/j.1439-0310.2010.01853.x,,,
x,rayyan-305067213,Unusual repertoire of vocalizations in adult BTBR T+tf/J mice during three types of social encounters.,2011,2,,"Genes, brain, and behavior",1601-183X (Electronic),10,1,44-56,Scattoni ML and Ricceri L and Crawley JN,https://pubmed.ncbi.nlm.nih.gov/20618443/,eng,,England,"RAYYAN-INCLUSION: {""Dori""=>""Included""}",10.1111/j.1601-183X.2010.00623.x,"Analysis of Variance;Animal Communication;Animals;Autistic Disorder/psychology;Data Interpretation, Statistical;Female;*Interpersonal Relations;Male;Mice;Mice, Neurologic Mutants;Phenotype;Sexual Behavior, Animal/physiology;*Social Behavior;Ultrasonics;Vocalization, Animal/physiology",20618443,PMC2972364,
x,rayyan-380414588,"Notes on vocalisations of giant otters in the flooded Igapó forests of Jaú National Park, Amazonas, Brazil",2011,,,Journal of Ethology,0289-0771,29,1,169-175,"Bezerra, BM and Souto, AS and Schiel, N and Jones, G",,,,,,,,,,
x,rayyan-305067362,Acoustic variability and social significance of calls in female Campbell's monkeys (Cercopithecus campbelli campbelli).,2011,5,,The Journal of the Acoustical Society of America,1520-8524 (Electronic),129,5,3341-52,Lemasson A and Hausberger M,https://pubmed.ncbi.nlm.nih.gov/21568434/,eng,,United States,"RAYYAN-INCLUSION: {""Dori""=>""Included""}",10.1121/1.3569704,"Acoustics;Age Factors;Agonistic Behavior;Animals;Cercopithecus/*physiology/psychology;Female;Humans;Individuality;Social Behavior;Social Dominance;Sound Spectrography;Stereotyped Behavior;*Vocalization, Animal/classification/physiology",21568434,,
x,rayyan-305067532,Sources of acoustic variation: implications for production specificity and call categorization in chacma baboon (Papio ursinus) grunts.,2011,3,,The Journal of the Acoustical Society of America,1520-8524 (Electronic),129,3,1631-41,Meise K and Keller C and Cowlishaw G and Fischer J,https://pubmed.ncbi.nlm.nih.gov/21428526/,eng,,United States,"RAYYAN-INCLUSION: {""Dori""=>""Included""}",10.1121/1.3531944,"Animals;Arousal;Auditory Perception;Discrimination, Psychological;Feeding Behavior;Female;Maternal Behavior;Papio ursinus/*physiology;Signal Processing, Computer-Assisted;Social Behavior;Sound Spectrography;Species Specificity;*Vocalization, Animal/classification",21428526,,
x,rayyan-380414793,Species-specific and shared features in vocal repertoires of three Eurasian ground squirrels (genus Spermophilus),2012,,,Acta Theriologica,0001-7051,57,1,65-78,"Matrosova, Vera A and Schneiderová, Irena and Volodin, Ilya A and Volodina, Elena V",,,,,,,,,,
x,rayyan-305067253,Age- and sex-specific patterns of vocal behavior in De Brazza's monkeys (Cercopithecus neglectus).,2012,1,1,American journal of primatology,1098-2345 (Electronic),74,1,12-28,Bouchet H and Blois-Heulin C and Lemasson A,https://pubmed.ncbi.nlm.nih.gov/21932330/,eng,,United States,"RAYYAN-INCLUSION: {""Dori""=>""Included""}",10.1002/ajp.21002,"Acoustics;Age Factors;Animals;Cercopithecus/*psychology;Female;Male;Phylogeny;Sex Characteristics;Social Behavior;*Vocalization, Animal",21932330,,
x,rayyan-305067339,Context-related call combinations in female Diana monkeys.,2012,5,,Animal cognition,1435-9456 (Electronic),15,3,327-39,Candiotti A and Zuberbühler K and Lemasson A,https://pubmed.ncbi.nlm.nih.gov/21947942/,eng,,Germany,"RAYYAN-INCLUSION: {""Dori""=>""Included""}",10.1007/s10071-011-0456-8,"Acoustics;Animals;Cercopithecus/*psychology;Environment;Female;Male;Social Behavior;Social Environment;*Vocalization, Animal",21947942,,
x,rayyan-380414617,Vocal behavior of the Mongolian gerbil in a seminatural enclosure,2012,1,1,Behaviour,,149,5,461-492,"Ter-Mikaelian, Maria and Yapa, Wipula B. and Rübsamen, Rudolf",https://brill.com/view/journals/beh/149/5/article-p461_1.xml,English,,,,,10.1163/156853912X639778,,,
x,rayyan-380414754,Acoustic Repertoire of the Philippine Tarsier (Tarsius syrichta fraterculus) and Individual Variation of Long‐Distance Calls,2012,,,International Journal of Zoology,1687-8485,2012,1,602401,"Řeháková-Petrů, Milada and Policht, Richard and Peške, Lubomír",,,,,,,,,,
x,rayyan-305067200,Acoustic variability and individual distinctiveness in the vocal repertoire of red-capped mangabeys (Cercocebus torquatus).,2012,2,,"Journal of comparative psychology (Washington, D.C. : 1983)",1939-2087 (Electronic),126,1,45-56,Bouchet H and Blois-Heulin C and Pellier AS and Zuberbühler K and Lemasson A,https://pubmed.ncbi.nlm.nih.gov/21875177/,eng,,United States,"RAYYAN-INCLUSION: {""Dori""=>""Included""}",10.1037/a0025018,"Acoustics;Animals;Cercocebus/*psychology;Female;Male;Social Behavior;*Vocalization, Animal",21875177,,
x,rayyan-305067604,Social vocalizations of big brown bats vary with behavioral context.,2012,,,PloS one,1932-6203 (Electronic),7,9,e44550,Gadziola MA and Grimsley JM and Faure PA and Wenstrup JJ,https://pubmed.ncbi.nlm.nih.gov/22970247/,eng,,United States,"RAYYAN-INCLUSION: {""Dori""=>""Included""}",10.1371/journal.pone.0044550,"Acoustics;*Animal Communication;Animals;*Behavior, Animal;Chiroptera/*physiology;Electrocardiography",22970247,PMC3436781,
x,rayyan-380414631,Female Presence and Estrous State Influence Mouse Ultrasonic Courtship Vocalizations,2012,7,18,PLOS ONE,,7,7,e40782,"Hanson, Jessica L. and Hurley, Laura M.",https://doi.org/10.1371/journal.pone.0040782,,,,,,10.1371/journal.pone.0040782,,,
x,rayyan-380414627,"Of Mice, Birds, and Men: The Mouse Ultrasonic Song System Has Some Features Similar to Humans and Song-Learning Birds",2012,10,10,PLOS ONE,,7,10,e46610,"Arriaga, Gustavo and Zhou, Eric P. and Jarvis, Erich D.",https://doi.org/10.1371/journal.pone.0046610,,,,,,10.1371/journal.pone.0046610,,,
x,rayyan-380414623,The Structure and Usage of Female and Male Mouse Ultrasonic Vocalizations Reveal only Minor Differences,2012,7,17,PLOS ONE,,7,7,e41133,"Hammerschmidt, Kurt and Radyushkin, Konstantin and Ehrenreich, Hannelore and Fischer, Julia",https://doi.org/10.1371/journal.pone.0041133,,,,,,10.1371/journal.pone.0041133,,,
x,rayyan-305067516,"Classification of vocalizations in the Mongolian gerbil, Meriones unguiculatus.",2012,2,,The Journal of the Acoustical Society of America,1520-8524 (Electronic),131,2,1622-31,Kobayasi KI and Riquimaroux H,https://pubmed.ncbi.nlm.nih.gov/22352532/,eng,,United States,"RAYYAN-INCLUSION: {""Dori""=>""Included""}",10.1121/1.3672693,"Acoustics;Animals;Female;Gerbillinae/*physiology;Male;Sound Spectrography;Vocalization, Animal/*classification/physiology",22352532,,
x,rayyan-305067126,The vocal repertoire of the Key Largo woodrat (Neotoma floridana smalli).,2012,11,,The Journal of the Acoustical Society of America,1520-8524 (Electronic),132,5,3550-8,Soltis J and Alligood CA and Blowers TE and Savage A,https://pubmed.ncbi.nlm.nih.gov/23145634/,eng,,United States,"RAYYAN-INCLUSION: {""Dori""=>""Included""}",10.1121/1.4757097,"Acoustics;Age Factors;Animals;Animals, Newborn;Copulation;Courtship;Female;Male;Maternal Behavior;Sigmodontinae/*physiology;Signal Processing, Computer-Assisted;Social Behavior;Sound Spectrography;Video Recording;*Vocalization, Animal",23145634,,
x,rayyan-380414636,Graded or discrete? A quantitative analysis of Campbell's monkey alarm calls,2013,1,1,Animal Behaviour,0003-3472,85,1,109-118,"Keenan, Sumir and Lemasson, Alban and Zuberbühler, Klaus",https://www.sciencedirect.com/science/article/pii/S0003347212004745,,,,,,10.1016/j.anbehav.2012.10.014,vocal repertoire;alarm call;Campbell's monkey;discrete signal;graded signal;nonhuman primate;referential,,
x,rayyan-380414606,"The rich acoustic repertoire of a precocious rodent, the wild cavy Cavia aperea",2013,2,1,Bioacoustics,0952-4622,22,1,49-66,"Monticelli, Patrícia Ferreira and Ades, César",https://doi.org/10.1080/09524622.2012.711516,,,,,<p>doi: 10.1080/09524622.2012.711516</p>,10.1080/09524622.2012.711516,,,
x,rayyan-380414655,Western Gorilla Vocal Repertoire and Contextual Use of Vocalizations,2013,10,1,Ethology,0179-1613,119,10,831-847,"Salmi, Roberta and Hammerschmidt, Kurt and Doran-Sheehy, Diane M.",https://doi.org/10.1111/eth.12122,,,,,,10.1111/eth.12122,,,
x,rayyan-305067492,Male mice emit distinct ultrasonic vocalizations when the female leaves the social interaction arena.,2013,,,Frontiers in behavioral neuroscience,1662-5153 (Print),7,,159,Yang M and Loureiro D and Kalikhman D and Crawley JN,https://pubmed.ncbi.nlm.nih.gov/24312027/,eng,,Switzerland,"RAYYAN-INCLUSION: {""Dori""=>""Included""}",10.3389/fnbeh.2013.00159,,24312027,PMC3832782,
x,rayyan-305067862,Social calls of flying big brown bats (Eptesicus fuscus).,2013,,,Frontiers in physiology,1664-042X (Print),4,,214,Wright GS and Chiu C and Xian W and Wilkinson GS and Moss CF,https://pubmed.ncbi.nlm.nih.gov/23966949/,eng,,Switzerland,"RAYYAN-INCLUSION: {""Dori""=>""Included""}",10.3389/fphys.2013.00214,,23966949,PMC3744909,
x,rayyan-305067201,Vocal communication in a complex multi-level society: constrained acoustic structure and flexible call usage in Guinea baboons.,2013,9,23,Frontiers in zoology,1742-9994 (Print),10,1,58,Maciej P and Ndao I and Hammerschmidt K and Fischer J,https://pubmed.ncbi.nlm.nih.gov/24059742/,eng,,England,"RAYYAN-INCLUSION: {""Dori""=>""Included""}",10.1186/1742-9994-10-58,,24059742,PMC3849383,
x,rayyan-305067190,Roaring high and low: composition and possible functions of the Iberian stag's vocal repertoire.,2013,,,PloS one,1932-6203 (Electronic),8,5,e63841,Passilongo D and Reby D and Carranza J and Apollonio M,https://pubmed.ncbi.nlm.nih.gov/23667678/,eng,,United States,"RAYYAN-INCLUSION: {""Dori""=>""Included""}",10.1371/journal.pone.0063841,"Animals;*Biological Evolution;Cluster Analysis;Deer/*physiology;Linear Models;Male;Selection, Genetic;Sexual Behavior, Animal/*physiology;Sound Spectrography;Spain;Species Specificity;Vocalization, Animal/classification/*physiology",23667678,PMC3648515,
x,rayyan-380414769,Ultrasonic vocalizations emitted by flying squirrels,2013,,,PLOS one,1932-6203,8,8,e73045,"Murrant, Meghan N and Bowman, Jeff and Garroway, Colin J and Prinzen, Brian and Mayberry, Heather and Faure, Paul A",,,,,,,,,,
x,rayyan-305067210,The vocal repertoire of adult male blue monkeys (Cercopithecus mitis stulmanni): a quantitative analysis of acoustic structure.,2014,3,,American journal of primatology,1098-2345 (Electronic),76,3,203-16,Fuller JL,https://pubmed.ncbi.nlm.nih.gov/24130044/,eng,,United States,"RAYYAN-INCLUSION: {""Dori""=>""Included""}",10.1002/ajp.22223,"Acoustics;Animals;Behavior, Animal;Cercopithecus/*physiology;Cluster Analysis;Discriminant Analysis;Kenya;Male;Principal Component Analysis;Sound Spectrography/veterinary;*Speech Acoustics;Tape Recording;Vocalization, Animal/*classification/*physiology",24130044,,
x,rayyan-380414613,Vocal acoustics in the endangered proboscis monkey (Nasalis larvatus),2014,2,1,American Journal of Primatology,0275-2565,76,2,192-201,"Röper, K.M. and Scheumann, M. and Wiechert, A.B. and Nathan, S. and Goossens, B. and Owren, M.J. and Zimmermann, E.",https://doi.org/10.1002/ajp.22221,,,,,,10.1002/ajp.22221,acoustics;loud calls;non-invasive tool for conservation;proboscis monkeys;vocalizations,,
x,rayyan-380414662,"Classification of Captive North American River Otters (Lontra canadensis) Vocal Repertoires: Individual Variations, and Age Class Comparisons",2014,,,Animal Behavior and Cognition,,,,,"Almonte, C",,,,,,,,,,
x,rayyan-380414614,"Vocal repertoire, individual acoustic distinctiveness, and social networks in a group of captive Asian small-clawed otters (Aonyx cinerea)",2014,2,19,Journal of Mammalogy,0022-2372,95,1,128-139,"Lemasson, Alban and Mikus, Marie-Ana and Blois-Heulin, Catherine and Lodé, Thierry",https://doi.org/10.1644/12-MAMM-A-313.1,,,,,,10.1644/12-MAMM-A-313.1,,,
x,rayyan-305067374,Evaluation of ultrasonic vocalizations in common marmosets (Callithrix jacchus) as a potential indicator of welfare.,2014,9,,Lab animal,1548-4475 (Electronic),43,9,313-20,Bakker J and van Nijnatten TJ and Louwerse AL and Baarends G and Arndt SS and Langermans JA,https://pubmed.ncbi.nlm.nih.gov/25141062/,eng,,United States,"RAYYAN-INCLUSION: {""Dori""=>""Included""}",10.1038/laban.568,"Animals;Callithrix/*psychology;Female;Male;Pain/*psychology;Predatory Behavior;*Social Behavior;*Stress, Psychological;Ultrasonics;*Vocalization, Animal",25141062,,
x,rayyan-380414634,A Role for Ultrasonic Vocalisation in Social Communication and Divergence of Natural Populations of the House Mouse (Mus musculus domesticus),2014,5,9,PLOS ONE,,9,5,e97244,"von Merten, Sophie and Hoier, Svenja and Pfeifle, Christine and Tautz, Diethard",https://doi.org/10.1371/journal.pone.0097244,,,,,,10.1371/journal.pone.0097244,,,
x,rayyan-305067547,Resting-associated vocalization emitted by captive Asian house shrews (Suncus murinus): acoustic structure and variability in an unusual mammalian vocalization.,2014,,,PloS one,1932-6203 (Electronic),9,11,e111571,Schneiderová I and Zouhar J,https://pubmed.ncbi.nlm.nih.gov/25390304/,eng,,United States,"RAYYAN-INCLUSION: {""Dori""=>""Included""}",10.1371/journal.pone.0111571,"*Acoustics;Animals;Body Weight;Female;Male;Rest;Shrews/*physiology;Social Behavior;*Vocalization, Animal",25390304,PMC4229075,
x,rayyan-305067117,The vocal repertoire of adult and neonate giant otters (Pteronura brasiliensis).,2014,,,PloS one,1932-6203 (Electronic),9,11,e112562,Mumm CA and Knörnschild M,https://pubmed.ncbi.nlm.nih.gov/25391142/,eng,,United States,"RAYYAN-INCLUSION: {""Dori""=>""Included""}",10.1371/journal.pone.0112562,"Acoustics;Animals;Animals, Newborn;Female;Individuality;Male;Otters/*physiology;Pattern Recognition, Physiological/*physiology;Sexual Maturation;*Social Behavior;Vocalization, Animal/*physiology",25391142,PMC4229255,
x,rayyan-305067094,Vocal repertoire of the social giant otter.,2014,11,,The Journal of the Acoustical Society of America,1520-8524 (Electronic),136,5,2861-75,Leuchtenberger C and Sousa-Lima R and Duplaix N and Magnusson WE and Mourão G,https://pubmed.ncbi.nlm.nih.gov/25373985/,eng,,United States,"RAYYAN-INCLUSION: {""Dori""=>""Included""}",10.1121/1.4896518,"Acoustics;Age Factors;Agonistic Behavior;Animals;Brazil;Emotional Intelligence;Feeding Behavior;Female;Grooming;Male;Models, Psychological;Otters/*physiology/psychology;Social Behavior;Sound Spectrography;Territoriality;*Vocalization, Animal",25373985,,
x,rayyan-305067116,Vocal Repertoire of Wild Blonde Capuchins (Sapajus flavius) and Contextual Use of Calls.,2015,6,,American journal of primatology,1098-2345 (Electronic),77,6,605-17,Bastos M and Souto A and Jones G and Eason P and Bione C and Schiel N and Bezerra B,https://pubmed.ncbi.nlm.nih.gov/26158127/,eng,,United States,"RAYYAN-INCLUSION: {""Dori""=>""Included""}",10.1002/ajp.22384,"Age Factors;Animals;Brazil;Cebus/*physiology;Endangered Species;Feeding Behavior;Female;Male;*Vocalization, Animal",26158127,,
x,rayyan-380414626,"Vocal behaviour during aggressive encounters between Siberian hamsters, Phodopus sungorus",2015,4,1,Animal Behaviour,0003-3472,102,,85-93,"Keesom, Sarah M. and Rendon, Nikki M. and Demas, Gregory E. and Hurley, Laura M.",https://www.sciencedirect.com/science/article/pii/S0003347215000238,,,,,,10.1016/j.anbehav.2015.01.014,vocal repertoire;acoustic analysis;agonism;call structure;dominance;same-sex aggression,,
x,rayyan-380414637,Small Mammals Ignore Common Rules: A Comparison of Vocal Repertoires and the Acoustics between Pup and Adult Piebald Shrews Diplomesodon pulchellum,2015,2,1,Ethology,0179-1613,121,2,103-115,"Volodin, Ilya A. and Zaytseva, Alexandra S. and Ilchenko, Olga G. and Volodina, Elena V.",https://doi.org/10.1111/eth.12321,,,,,,10.1111/eth.12321,age differences;communicative behaviour;discomfort calls;insectivora;ontogeny;soricomorpha,,
x,rayyan-380414756,"Ultrasonic vocalizations by the spectral tarsier, Tarsius spectrum",2015,,,Folia Primatologica,0015-5713,86,3,153-163,"Gursky, Sharon",,,,,,,,,,
x,rayyan-380414580,"Call repertoire of the Sahamalaza sportive lemur, Lepilemur sahamalazensis",2015,,,International Journal of Primatology,0164-0291,36,3,647-665,"Seiler, Melanie and Schwitzer, Christoph and Holderied, Marc",,,,,,,,,,
x,rayyan-305067667,Altered social behavior and ultrasonic communication in the dystrophin-deficient mdx mouse model of Duchenne muscular dystrophy.,2015,,,Molecular autism,2040-2392 (Print),6,,60,Miranda R and Nagapin F and Bozon B and Laroche S and Aubin T and Vaillend C,https://pubmed.ncbi.nlm.nih.gov/26527530/,eng,,England,"RAYYAN-INCLUSION: {""Dori""=>""Included""}",10.1186/s13229-015-0053-9,,26527530,PMC4627616,
x,rayyan-305067430,Ultrasonic vocalizations in golden hamsters (Mesocricetus auratus) reveal modest sex differences and nonlinear signals of sexual motivation.,2015,,,PloS one,1932-6203 (Electronic),10,2,e0116789,Fernández-Vargas M and Johnston RE,https://pubmed.ncbi.nlm.nih.gov/25714096/,eng,,United States,"RAYYAN-INCLUSION: {""Dori""=>""Included""}",10.1371/journal.pone.0116789,"Acoustics;Animals;Cricetinae;Female;Male;*Sexual Behavior, Animal;*Ultrasonic Waves;*Vocalization, Animal",25714096,PMC4340904,
x,rayyan-380414740,Vervets revisited: A quantitative analysis of alarm call structure and context specificity,2015,,,Scientific reports,2045-2322,5,1,13220,"Price, Tabitha and Wadewitz, Philip and Cheney, Dorothy and Seyfarth, Robert and Hammerschmidt, Kurt and Fischer, Julia",,,,,,,,,,
x,rayyan-305067149,A quantitative acoustic analysis of the vocal repertoire of the common marmoset (Callithrix jacchus).,2015,11,,The Journal of the Acoustical Society of America,1520-8524 (Electronic),138,5,2906-28,Agamaite JA and Chang CJ and Osmanski MS and Wang X,https://pubmed.ncbi.nlm.nih.gov/26627765/,eng,,United States,"RAYYAN-INCLUSION: {""Dori""=>""Included""}",10.1121/1.4934268,"Acoustics;Animals;Auditory Perception/physiology;Callithrix/*physiology;Female;Housing, Animal;Male;Social Behavior;Sound Spectrography;*Vocalization, Animal",26627765,PMC4644241,
x,rayyan-305067789,Acoustic and behavioral repertoires of the hippopotamus (Hippopotamus amphibius).,2015,8,,The Journal of the Acoustical Society of America,1520-8524 (Electronic),138,2,545-54,Maust-Mohl M and Soltis J and Reiss D,https://pubmed.ncbi.nlm.nih.gov/26328671/,eng,,United States,"RAYYAN-INCLUSION: {""Dori""=>""Included""}",10.1121/1.4923363,"Air;Animals;Animals, Zoo/*physiology/psychology;Artiodactyla/*physiology/psychology;*Behavior, Animal;Feeding Behavior;Female;Housing, Animal;Longitudinal Studies;Male;Social Behavior;Social Dominance;Video Recording;*Vocalization, Animal;Water",26328671,,
x,rayyan-305067179,Social and vocal behavior in adult greater tube-nosed bats (Murina leucogaster).,2015,6,,"Zoology (Jena, Germany)",1873-2720 (Electronic),118,3,192-202,Lin HJ and Kanwal JS and Jiang TL and Liu Y and Feng J,https://pubmed.ncbi.nlm.nih.gov/25862078/,eng,,Germany,"RAYYAN-INCLUSION: {""Dori""=>""Included""}",10.1016/j.zool.2014.12.005,"Animals;Behavior, Animal/*physiology;Chiroptera/*physiology;*Social Behavior;Vocalization, Animal/*physiology",25862078,,
x,rayyan-380414632,Male mice song syntax depends on social contexts and influences female preferences,2015,,,Frontiers in Behavioral Neuroscience,1662-5153,,,,"Chabout, Jonathan and Sarkar, Abhra and Dunson, David B. and Jarvis, Erich D.",https://www.frontiersin.org/journals/behavioral-neuroscience/articles/10.3389/fnbeh.2015.00076,,,,,,,,,
x,rayyan-305067095,The vocal repertoire of Tibetan macaques (Macaca thibetana): A quantitative classification.,2016,9,,American journal of primatology,1098-2345 (Electronic),78,9,937-49,Bernstein SK and Sheeran LK and Wagner RS and Li JH and Koda H,https://pubmed.ncbi.nlm.nih.gov/27243451/,eng,,United States,"RAYYAN-INCLUSION: {""Dori""=>""Included""}",10.1002/ajp.22564,"Acoustics;Animals;Copulation;Female;*Macaca;Male;Sound Spectrography;*Vocalization, Animal",27243451,,
x,rayyan-380414615,Vocal repertoire of adult captive red pandas (Ailurus fulgens),2016,1,1,Animal Biology,,66,2,145-155,"Cao, Dandan and Zhou, Hong and Wei, Wei and Lei, Miaowen and Yuan, Shibin and Qi, Dunwu and Zhang, Zejun",https://brill.com/view/journals/ab/66/2/article-p145_3.xml,English,,,,,10.1163/15707563-00002493,,,
x,rayyan-305067742,Structural Classification of Wild Boar (Sus scrofa) Vocalizations.,2016,4,,Ethology : formerly Zeitschrift fur Tierpsychologie,0179-1613 (Print),122,4,329-342,Garcia M and Gingras B and Bowling DL and Herbst CT and Boeckle M and Locatelli Y and Fitch WT,https://pubmed.ncbi.nlm.nih.gov/27065507/,eng,,Germany,"RAYYAN-INCLUSION: {""Dori""=>""Included""}",10.1111/eth.12472,,27065507,PMC4793927,
x,rayyan-380414770,Novel Glaucomys volans vocalizations in Indiana and evidence of geographic variation in high frequency communication,2016,,,Journal of Mammalogy,1545-1542,97,4,1219-1227,"Eisinger, Joseph W and Scheibe, John S and Flaherty, Elizabeth A",,,,,,,,,,
x,rayyan-305067748,"Improving the workflow to crack Small, Unbalanced, Noisy, but Genuine (SUNG) datasets in bioacoustics: The case of bonobo calls.",2016,4,,PLoS computational biology,1553-7358 (Electronic),19,4,e1010325,Arnaud V and Pellegrino F and Keenan S and St-Gelais X and Mathevon N and Levréro F and Coupé C,https://pubmed.ncbi.nlm.nih.gov/37053268/,eng,,United States,"RAYYAN-INCLUSION: {""Dori""=>""Included""}",10.1371/journal.pcbi.1010325,"Animals;*Pan paniscus;Workflow;Reproducibility of Results;*Algorithms;Neural Networks, Computer",37053268,PMC10129004,
x,rayyan-305067419,Acoustic Structure and Contextual Use of Calls by Captive Male and Female Cheetahs (Acinonyx jubatus).,2016,,,PloS one,1932-6203 (Electronic),11,6,e0158546,Smirnova DS and Volodin IA and Demina TS and Volodina EV,https://pubmed.ncbi.nlm.nih.gov/27362643/,eng,,United States,"RAYYAN-INCLUSION: {""Dori""=>""Included""}",10.1371/journal.pone.0158546,"Acinonyx/*physiology;Aggression/physiology;Animals;Animals, Zoo;Behavior, Animal/*physiology;Female;*Individuality;Male;Sexual Behavior, Animal/physiology;Vocalization, Animal/*physiology",27362643,PMC4928801,
x,rayyan-305067337,"Acoustically diverse vocalization repertoire in the Himalayan leaf-nosed bat, a widely distributed Hipposideros species.",2016,11,,The Journal of the Acoustical Society of America,1520-8524 (Electronic),140,5,3765,Lin A and Jiang T and Feng J and Kanwal JS,https://pubmed.ncbi.nlm.nih.gov/27908088/,eng,,United States,"RAYYAN-INCLUSION: {""Dori""=>""Included""}",10.1121/1.4966286,"Acoustics;Animals;*Chiroptera;Interpersonal Relations;Sound Spectrography;Vocalization, Animal",27908088,,
x,rayyan-305067731,"In-air vocal repertoires of spotted seals, Phoca largha.",2016,8,,The Journal of the Acoustical Society of America,1520-8524 (Electronic),140,2,1101,Zhang P and Lu J and Li S and Han J and Wang Q and Yang L,https://pubmed.ncbi.nlm.nih.gov/27586740/,eng,,United States,"RAYYAN-INCLUSION: {""Dori""=>""Included""}",10.1121/1.4961048,"Acoustics;Age Factors;Animals;China;Female;Male;Phoca/*physiology;Phonetics;Sex Factors;*Vocalization, Animal",27586740,,
x,rayyan-305067090,"Vocal repertoire of free-ranging black howler monkeys' (Alouatta pigra): Call types, contexts, and sex-related contributions.",2017,5,,American journal of primatology,1098-2345 (Electronic),79,5,,Briseño-Jaramillo M and Biquand V and Estrada A and Lemasson A,https://pubmed.ncbi.nlm.nih.gov/28095604/,eng,,United States,"RAYYAN-INCLUSION: {""Dori""=>""Included""}",10.1002/ajp.22630,"Acoustics;Alouatta/*physiology;Animals;Male;Mexico;Sex Factors;*Social Behavior;*Vocalization, Animal",28095604,,
x,rayyan-305067415,Visual classification of feral cat Felis silvestris catus vocalizations.,2017,6,,Current zoology,1674-5507 (Print),63,3,331-339,Owens JL and Olsen M and Fontaine A and Kloth C and Kershenbaum A and Waller S,https://pubmed.ncbi.nlm.nih.gov/29491992/,eng,,England,"RAYYAN-INCLUSION: {""Dori""=>""Included""}",10.1093/cz/zox013,,29491992,PMC5804184,
x,rayyan-305067332,The use of Vocalizations of the Sambirano Mouse Lemur (Microcebus sambiranensis) in an Acoustic Survey of Habitat Preference.,2017,,,International journal of primatology,0164-0291 (Print),38,4,732-750,Hending D and Holderied M and McCabe G,https://pubmed.ncbi.nlm.nih.gov/28845070/,eng,,United States,"RAYYAN-INCLUSION: {""Dori""=>""Included""}",10.1007/s10764-017-9977-6,,28845070,PMC5550550,
x,rayyan-305067259,"The acoustic repertoire and behavioural context of the vocalisations of a nocturnal dasyurid, the eastern quoll (Dasyurus viverrinus).",2017,,,PloS one,1932-6203 (Electronic),12,7,e0179337,Dorph A and McDonald PG,https://pubmed.ncbi.nlm.nih.gov/28686679/,eng,,United States,"RAYYAN-INCLUSION: {""Dori""=>""Included""}",10.1371/journal.pone.0179337,"*Acoustics;Animals;Australasia;Cluster Analysis;Marsupialia/*physiology;Signal Processing, Computer-Assisted;Vocalization, Animal/*physiology",28686679,PMC5501449,
x,rayyan-305067386,Do sexual calls in female black capuchin monkeys (Sapajus nigritus) vary with fertility? An acoustic analysis.,2018,9,,American journal of primatology,1098-2345 (Electronic),80,9,e22920,Bernaldo de Quirós E and Wheeler BC and Hammerschmidt K and Heistermann M and Tiddi B,https://pubmed.ncbi.nlm.nih.gov/30296346/,eng,,United States,"RAYYAN-INCLUSION: {""Dori""=>""Included""}",10.1002/ajp.22920,"Animals;Argentina;Cebinae/*physiology;Copulation;Female;*Fertility;*Vocalization, Animal",30296346,,
x,rayyan-305067080,Vocal repertoire of free-ranging adult golden snub-nosed monkeys (Rhinopithecus roxellana).,2018,6,,American journal of primatology,1098-2345 (Electronic),80,6,e22869,Fan P and Liu X and Liu R and Li F and Huang T and Wu F and Yao H and Liu D,https://pubmed.ncbi.nlm.nih.gov/29767431/,eng,,United States,"RAYYAN-INCLUSION: {""Dori""=>""Included""}",10.1002/ajp.22869,"Animals;China;Colobinae/*physiology;Female;Male;Sex Characteristics;*Social Behavior;Sound Spectrography;Vocalization, Animal/*classification",29767431,PMC6032912,
x,rayyan-305067170,Vocal complexity and sociality in spotted paca (Cuniculus paca).,2018,,,PloS one,1932-6203 (Electronic),13,1,e0190961,Lima SGC and Sousa-Lima RS and Tokumaru RS and Nogueira-Filho SLG and Nogueira SSC,https://pubmed.ncbi.nlm.nih.gov/29364898/,eng,,United States,"RAYYAN-INCLUSION: {""Dori""=>""Included""}",10.1371/journal.pone.0190961,"Animals;Behavior, Animal;Biological Evolution;Cuniculidae/*psychology;Female;Linear Models;Male;Models, Psychological;Phylogeny;Psychoacoustics;*Social Behavior;*Vocalization, Animal",29364898,PMC5783385,
x,rayyan-305067780,Stereotypy and variability of social calls among clustering female big-footed myotis (Myotis macrodactylus).,2018,3,18,Zoological research,2095-8137 (Print),39,2,114-122,Xiao YH and Wang L and Hoyt JR and Jiang TL and Lin AQ and Feng J,https://pubmed.ncbi.nlm.nih.gov/29515093/,eng,,China,"RAYYAN-INCLUSION: {""Dori""=>""Included""}",10.24272/j.issn.2095-8137.2018.026,"Acoustics;Animals;*Chiroptera/psychology;Female;Social Behavior;*Vocalization, Animal",29515093,PMC5885389,
x,rayyan-305067514,Acoustic structure of forest elephant rumbles: a test of the ambiguity reduction hypothesis.,2019,11,,Animal cognition,1435-9456 (Electronic),22,6,1115-1128,Hedwig D and Verahrami AK and Wrege PH,https://pubmed.ncbi.nlm.nih.gov/31535246/,eng,,Germany,"RAYYAN-INCLUSION: {""Dori""=>""Included""}",10.1007/s10071-019-01304-y,"Acoustics;Animal Communication;Animals;*Elephants;Forests;Vocalization, Animal",31535246,,
x,rayyan-305067770,Finding Meanings in Low Dimensional Structures: Stochastic Neighbor Embedding Applied to the Analysis of Indri indri Vocal Repertoire.,2019,5,15,Animals : an open access journal from MDPI,2076-2615 (Print),9,5,,Valente D and De Gregorio C and Torti V and Miaretsoa L and Friard O and Randrianarison RM and Giacoma C and Gamba M,https://pubmed.ncbi.nlm.nih.gov/31096675/,eng,,Switzerland,"RAYYAN-INCLUSION: {""Dori""=>""Included""}",10.3390/ani9050243,,31096675,PMC6562776,
x,rayyan-380414650,The communicative life of a social carnivore: acoustic repertoire of the ring-tailed coati (Nasua nasua),2019,9,3,Bioacoustics,0952-4622,28,5,459-487,"Gasco, Aline and Ferro, Humberto F. and Monticelli, Patricia F.",https://doi.org/10.1080/09524622.2018.1477618,,,,,<p>doi: 10.1080/09524622.2018.1477618</p>,10.1080/09524622.2018.1477618,,,
x,rayyan-305067800,"The ""Law of Brevity"" in animal communication: Sex-specific signaling optimization is determined by call amplitude rather than duration.",2019,12,,Evolution letters,2056-3744 (Electronic),3,6,623-634,Demartsev V and Gordon N and Barocas A and Bar-Ziv E and Ilany T and Goll Y and Ilany A and Geffen E,https://pubmed.ncbi.nlm.nih.gov/31867122/,eng,,England,"RAYYAN-INCLUSION: {""Dori""=>""Included""}",10.1002/evl3.147,,31867122,PMC6906988,
x,rayyan-305067231,"Sahamalaza Sportive Lemur, Lepilemur sahamalaza, Vocal Communication: Call Use, Context and Gradation.",2019,,,Folia primatologica; international journal of primatology,1421-9980 (Electronic),90,5,336-360,Mandl I and Schwitzer C and Holderied M,https://pubmed.ncbi.nlm.nih.gov/31416066/,eng,,Netherlands,"RAYYAN-INCLUSION: {""Dori""=>""Included""}",10.1159/000493939,"Animals;Female;Madagascar;Male;Strepsirhini/*physiology;*Vocalization, Animal",31416066,,
x,rayyan-305067105,Vocal Repertoire and Intraspecific Variation within Two Loud Calls of the Small-Eared Greater Galago (Otolemur garnettii) in Tanzania and Kenya.,2019,,,Folia primatologica; international journal of primatology,1421-9980 (Electronic),90,5,319-335,Bettridge CM and Kenworthy SP and Butynski TM and de Jong YA and de Kort SR,https://pubmed.ncbi.nlm.nih.gov/31416067/,eng,,Netherlands,"RAYYAN-INCLUSION: {""Dori""=>""Included""}",10.1159/000500260,"Animals;Galagidae/classification/*physiology;Kenya;Tanzania;*Vocalization, Animal",31416067,,
x,rayyan-380414610,The Vocal Repertoire of Pale Spear-Nosed Bats in a Social Roosting Context,2019,,,Frontiers in Ecology and Evolution,2296-701X,,,,"Lattenkamp, Ella Z. and Shields, Stephanie M. and Schutte, Michael and Richter, Jassica and Linnenschmidt, Meike and Vernes, Sonja C. and Wiegrebe, Lutz",https://www.frontiersin.org/journals/ecology-and-evolution/articles/10.3389/fevo.2019.00116,,,,,,,,,
x,rayyan-305067281,Social vocalizations of big-footed myotis (Myotis macrodactylus) during foraging.,2019,9,,Integrative zoology,1749-4877 (Electronic),14,5,446-459,Guo D and Luo B and Zhang K and Liu M and Metzner W and Liu Y and Feng J,https://pubmed.ncbi.nlm.nih.gov/30585415/,eng,,Australia,"RAYYAN-INCLUSION: {""Dori""=>""Included""}",10.1111/1749-4877.12367,"Acoustics;Animals;Chiroptera/*physiology;*Feeding Behavior;*Social Behavior;Vocalization, Animal/*physiology",30585415,,
x,rayyan-380414768,Vocal repertoire of captive northern and southern flying squirrels (Glaucomys sabrinus and G. volans),2019,,,Journal of Mammalogy,0022-2372,100,2,518-530,"Gilley, L Michelle and Diggins, Corinne A and Pearson, Scott M and Best, Troy L",,,,,,,,,,
x,rayyan-305067102,Characterising the harmonic vocal repertoire of the Indian wolf (Canis lupus pallipes).,2019,,,PloS one,1932-6203 (Electronic),14,10,e0216186,Sadhukhan S and Hennelly L and Habib B,https://pubmed.ncbi.nlm.nih.gov/31671161/,eng,,United States,"RAYYAN-INCLUSION: {""Dori""=>""Included""}",10.1371/journal.pone.0216186,"Animals;Female;Male;Vocalization, Animal/*physiology;Wolves/*physiology",31671161,PMC6822943,
x,rayyan-380414657,The reliability of individual vocal signature varies across the bonobo's graded repertoire,2020,11,1,Animal Behaviour,0003-3472,169,,9-21,"Keenan, Sumir and Mathevon, Nicolas and Stevens, Jeroen M.G. and Nicolè, Florence and Zuberbühler, Klaus and Guéry, Jean-Pascal and Levréro, Florence",https://www.sciencedirect.com/science/article/pii/S0003347220302670,,,,,,10.1016/j.anbehav.2020.08.024,acoustic grading;bonobo;identity information;individual vocal signature,,
x,rayyan-380414603,"The vocal repertoire of an African colobine, Colobus angolensis ruwenzorii: a multi-level society compared to congeners in stable groups",2020,7,13,Behaviour,,157,7,597-628,"Poirier-Poulin, Samuel and Teichroeb, Julie A.",https://brill.com/view/journals/beh/157/7/article-p597_1.xml,English,,,,,10.1163/1568539X-bja10015,,,
x,rayyan-305067399,Ultrasonic vocalizations in house mice depend upon genetic relatedness of mating partners and correlate with subsequent reproductive success.,2020,,,Frontiers in zoology,1742-9994 (Print),17,,10,Nicolakis D and Marconi MA and Zala SM and Penn DJ,https://pubmed.ncbi.nlm.nih.gov/32265997/,eng,,England,"RAYYAN-INCLUSION: {""Dori""=>""Included""}",10.1186/s12983-020-00353-1,,32265997,PMC7118824,
x,rayyan-380414577,The vocal repertoire of the northern giant mouse lemur (Mirza zaza) in captivity,2020,,,International Journal of Primatology,0164-0291,41,5,732-763,"Hending, Daniel and Seiler, Melanie and Stanger-Hall, Kathrin F",,,,,,,,,,
x,rayyan-305067355,Ultrasonic signals associated with different types of social behavior of mice.,2020,3,,Nature neuroscience,1546-1726 (Electronic),23,3,411-422,Sangiamo DT and Warren MR and Neunuebel JP,https://pubmed.ncbi.nlm.nih.gov/32066980/,eng,,United States,"RAYYAN-INCLUSION: {""Dori""=>""Included""}",10.1038/s41593-020-0584-z,"Aggression;Algorithms;*Animal Communication;Animals;Female;Individuality;Interpersonal Relations;Male;Mice;*Social Behavior;Social Dominance;Sound Localization;*Ultrasonics;Vocalization, Animal/*physiology",32066980,PMC7065962,
x,rayyan-305067372,Primed to vocalize: Wild-derived male house mice increase vocalization rate and diversity after a previous encounter with a female.,2020,,,PloS one,1932-6203 (Electronic),15,12,e0242959,Zala SM and Nicolakis D and Marconi MA and Noll A and Ruf T and Balazs P and Penn DJ,https://pubmed.ncbi.nlm.nih.gov/33296411/,eng,,United States,"RAYYAN-INCLUSION: {""Dori""=>""Included""}",10.1371/journal.pone.0242959,"Animals;Female;Male;Mice;Sexual Behavior, Animal/*physiology;*Vocalization, Animal",33296411,PMC7725367,
x,rayyan-305067679,Dwarf mongoose alarm calls: investigating a complex non-human animal call.,2020,9,30,Proceedings. Biological sciences,1471-2954 (Electronic),287,1935,20192514,Collier K and Radford AN and Stoll S and Watson SK and Manser MB and Bickel B and Townsend SW,https://pubmed.ncbi.nlm.nih.gov/32962548/,eng,,England,"RAYYAN-INCLUSION: {""Dori""=>""Included""}",10.1098/rspb.2019.2514,"Animals;*Herpestidae;Social Behavior;*Vocalization, Animal",32962548,PMC7542821,
x,rayyan-305067587,Does Social Complexity Drive Vocal Complexity? Insights from the Two African Elephant Species.,2021,10,27,Animals : an open access journal from MDPI,2076-2615 (Print),11,11,,Hedwig D and Poole J and Granli P,https://pubmed.ncbi.nlm.nih.gov/34827803/,eng,,Switzerland,"RAYYAN-INCLUSION: {""Dori""=>""Included""}",10.3390/ani11113071,,34827803,PMC8614502,
x,rayyan-305067808,The acoustic behavior of the Brazilian caatinga big rodent is incongruent to its actual position in Hydrochoerinae.,2021,12,,Behavioural processes,1872-8308 (Electronic),193,,104523,Monticelli PF and Alencar-Jr RN,https://pubmed.ncbi.nlm.nih.gov/34592346/,eng,,Netherlands,"RAYYAN-INCLUSION: {""Dori""=>""Included""}",10.1016/j.beproc.2021.104523,"Acoustics;Animals;Brazil;Guinea Pigs;Phylogeny;*Rodentia;*Vocalization, Animal",34592346,,
x,rayyan-305067312,A novel theory of Asian elephant high-frequency squeak production.,2021,6,17,BMC biology,1741-7007 (Electronic),19,1,121,Beeck VC and Heilmann G and Kerscher M and Stoeger AS,https://pubmed.ncbi.nlm.nih.gov/34134675/,eng,,England,"RAYYAN-INCLUSION: {""Dori""=>""Included""}",10.1186/s12915-021-01026-z,"Acoustics;Animals;*Elephants;Vocalization, Animal",34134675,PMC8210382,
x,rayyan-305067099,The Vocal Repertoire of the Bearded Capuchin (Cebidae: Sapajus libidinosus): Implications for Understanding the Complexity of Neotropical Primate Communication.,2021,,,Folia primatologica; international journal of primatology,1421-9980 (Electronic),92,3,151-163,Lisboa CA and Mendes FDC and Silveira M and Aguiar LMS,https://pubmed.ncbi.nlm.nih.gov/34350867/,eng,,Netherlands,"RAYYAN-INCLUSION: {""Dori""=>""Included""}",10.1159/000517917,"Animals;Brazil;Cebinae/*psychology;Female;Male;*Vocalization, Animal",34350867,,
x,rayyan-305067296,Distinct Profiles of 50 kHz Vocalizations Differentiate Between Social Versus Non-social Reward Approach and Consumption.,2021,,,Frontiers in behavioral neuroscience,1662-5153 (Print),15,,693698,Seidisarouei M and van Gurp S and Pranic NM and Calabus IN and van Wingerden M and Kalenscher T,https://pubmed.ncbi.nlm.nih.gov/34234654/,eng,,Switzerland,"RAYYAN-INCLUSION: {""Dori""=>""Included""}",10.3389/fnbeh.2021.693698,,34234654,PMC8255485,
x,rayyan-380414679,Mouse vocal emission and acoustic complexity do not scale linearly with the size of a social group,2021,6,7,Journal of Experimental Biology,0022-0949,224,11,jeb239814,"Warren, Megan R. and Spurrier, Morgan S. and Sangiamo, Daniel T. and Clein, Rachel S. and Neunuebel, Joshua P.",https://doi.org/10.1242/jeb.239814,,,,,,10.1242/jeb.239814,,,
x,rayyan-305067161,Airborne vocal communication in adult neotropical otters (Lontra longicaudis).,2021,,,PloS one,1932-6203 (Electronic),16,5,e0251974,Bettoni S and Stoeger A and Rodriguez C and Fitch WT,https://pubmed.ncbi.nlm.nih.gov/34038461/,eng,,United States,"RAYYAN-INCLUSION: {""Dori""=>""Included""}",10.1371/journal.pone.0251974,"Acoustics;Animals;Brazil;Female;Male;Otters/*physiology;*Social Behavior;Vocalization, Animal/*physiology",34038461,PMC8153427,
x,rayyan-305067097,"Vocal repertoire, micro-geographical variation and within-species acoustic partitioning in a highly colonial pinniped, the Cape fur seal.",2021,10,,Royal Society open science,2054-5703 (Print),8,10,202241,Martin M and Gridley T and Harvey Elwen S and Charrier I,https://pubmed.ncbi.nlm.nih.gov/34729204/,eng,,England,"RAYYAN-INCLUSION: {""Dori""=>""Included""}",10.1098/rsos.202241,,34729204,PMC8548791,
x,rayyan-305067580,"Early life experience and sex influence acoustic repertoire use in wild-born, but hand-reared, captive cheetahs (Acinonyx jubatus).",2022,11,,Developmental psychobiology,1098-2302 (Electronic),64,7,e22309,Bouchet H and Lemasson A and Collier K and Marker L and Schmidt-Küntzel A and Johnston B and Hausberger M,https://pubmed.ncbi.nlm.nih.gov/36282750/,eng,,United States,"RAYYAN-INCLUSION: {""Dori""=>""Included""}",10.1002/dev.22309,"Humans;Animals;Male;Female;*Acinonyx/physiology;Animals, Zoo/physiology;Vocalization, Animal;Acoustics",36282750,,
x,rayyan-305067167,"Ultrasonic vocalizations in laboratory mice: strain, age, and sex differences.",2022,6,,"Genes, brain, and behavior",1601-183X (Electronic),21,5,e12815,Caruso A and Marconi MA and Scattoni ML and Ricceri L,https://pubmed.ncbi.nlm.nih.gov/35689354/,eng,,England,"RAYYAN-INCLUSION: {""Dori""=>""Included""}",10.1111/gbb.12815,"Animals;Female;Male;Mice;Mice, Inbred C57BL;Mice, Inbred Strains;Sex Characteristics;Social Behavior;*Ultrasonics;*Vocalization, Animal",35689354,PMC9744514,
x,rayyan-380414698,Honest signaling in mouse lemur vocalizations?,2022,8,1,International Journal of Primatology,1573-8604,43,4,752-773,"Fichtel, Claudia and Kappeler, Peter M. and Perret, Martine and Huchard, Elise and Henry, Pierre-Yves",https://doi.org/10.1007/s10764-021-00265-9,,,,,,10.1007/s10764-021-00265-9,,,
x,rayyan-308549144,"Vocal repertoire of the critically endangered white-headed langur ( Trachypithecus leucocephalus): Call types, acoustic structures, and related social-ecological contexts.",2022,9,18,Zoological research,2095-8137 (Print),43,5,875-879,Fan PL and Li JX and Yang LT and Sun T and Wu SJ and Grueter CC and Huang CM and Zhou QH and Li M,https://pubmed.ncbi.nlm.nih.gov/36031770/,eng,,China,"RAYYAN-INCLUSION: {""Dori""=>""Included""}",10.24272/j.issn.2095-8137.2022.147,Acoustics;Animals;*Colobinae;Endangered Species,36031770,PMC9486528,
x,rayyan-305067689,Vocal signals with different social or non-social contexts in two wild rodent species (Mus caroli and Rattus losea).,2023,6,,Animal cognition,1435-9456 (Electronic),26,3,963-972,Chen Y and Xiang Z and Su Q and Qin J and Liu Q,https://pubmed.ncbi.nlm.nih.gov/36683113/,eng,,Germany,"RAYYAN-INCLUSION: {""Dori""=>""Included""}",10.1007/s10071-023-01745-6,"Mice;Female;Rats;Animals;*Vocalization, Animal;*Rodentia;Phylogeny;Ultrasonics;Social Behavior",36683113,,
x,rayyan-305067081,Vocal repertoire and auditory sensitivity of white-throated woodrats (Neotoma albigula).,2023,5,,"Journal of comparative psychology (Washington, D.C. : 1983)",1939-2087 (Electronic),137,2,116-128,Kobrina A and Letowt ME and Pasch B,https://pubmed.ncbi.nlm.nih.gov/36315635/,eng,,United States,"RAYYAN-INCLUSION: {""Dori""=>""Included""}",10.1037/com0000330,Animals;*Sigmodontinae/physiology;*Auditory Perception,36315635,,
x,rayyan-305067091,Bioacoustic characterization of the black-and-white ruffed lemur (Varecia variegata) vocal repertoire.,2023,11,,Primates; journal of primatology,1610-7365 (Electronic),64,6,621-635,Batist CH and Razafindraibe MN and Randriamanantena F and Baden AL,https://pubmed.ncbi.nlm.nih.gov/37584832/,eng,,Japan,"RAYYAN-INCLUSION: {""Dori""=>""Included""}",10.1007/s10329-023-01083-8,Humans;Animals;*Lemuridae;*Lemur;Madagascar,37584832,,
x,rayyan-305067127,Role of auditory feedback for vocal production learning in the Egyptian fruit bat.,2024,9,9,Current biology : CB,1879-0445 (Electronic),34,17,4062-4070.e7,Elie JE and Muroy SE and Genzel D and Na T and Beyer LA and Swiderski DL and Raphael Y and Yartsev MM,https://pubmed.ncbi.nlm.nih.gov/39255755/,eng,,England,"RAYYAN-INCLUSION: {""Dori""=>""Included""}",10.1016/j.cub.2024.07.053,"Animals;*Chiroptera/physiology;*Vocalization, Animal/physiology;*Learning/physiology;Female;Male;Feedback, Sensory/physiology;Auditory Perception/physiology;Hearing/physiology",39255755,PMC11493346,
x,rayyan-305067342,Male rats emit aversive 44-kHz ultrasonic vocalizations during prolonged Pavlovian fear conditioning.,2024,12,10,eLife,2050-084X (Electronic),12,,,Olszyński KH and Polowy R and Wardak AD and Łaska IA and Grymanowska AW and Puławski W and Gawryś O and Koliński M and Filipkowski RK,https://pubmed.ncbi.nlm.nih.gov/39656518/,eng,,England,"RAYYAN-INCLUSION: {""Dori""=>""Included""}",10.7554/eLife.88810,"Animals;*Fear;Male;*Vocalization, Animal/physiology;Rats;*Rats, Wistar;*Conditioning, Classical;*Rats, Inbred SHR;Ultrasonics",39656518,PMC11630816,
x,rayyan-305067169,Unsupervised discovery of family specific vocal usage in the Mongolian gerbil.,2024,12,16,eLife,2050-084X (Electronic),12,,,Peterson RE and Choudhri A and Mitelut C and Tanelus A and Capo-Battaglia A and Williams AH and Schneider DM and Sanes DH,https://pubmed.ncbi.nlm.nih.gov/39680425/,eng,,England,"RAYYAN-INCLUSION: {""Dori""=>""Included""}",10.7554/eLife.89892,"Animals;*Gerbillinae/physiology;*Vocalization, Animal/physiology;Male;Female;Social Behavior;Acoustics",39680425,PMC11649239,
x,rayyan-305068102,A non-human primate combinatorial system for long-distance communication.,2024,11,15,iScience,2589-0042 (Electronic),27,11,111172,Gallot Q and Depriester C and Moran S and Zuberbühler K,https://pubmed.ncbi.nlm.nih.gov/39559758/,eng,,United States,"RAYYAN-INCLUSION: {""Dori""=>""Included""}",10.1016/j.isci.2024.111172,,39559758,PMC11570502,
x,rayyan-305067603,"Graded calls of the smallest terrestrial mammal, the Etruscan shrew, living in a closed habitat.",2024,12,20,iScience,2589-0042 (Electronic),27,12,111297,Langehennig-Peristenidou A and Felmy F and Scheumann M,https://pubmed.ncbi.nlm.nih.gov/39628566/,eng,,United States,"RAYYAN-INCLUSION: {""Dori""=>""Included""}",10.1016/j.isci.2024.111297,,39628566,PMC11612789,
x,rayyan-305067158,Vocal complexity in the long calls of Bornean orangutans.,2024,,,PeerJ,2167-8359 (Electronic),12,,e17320,Erb WM and Ross W and Kazanecki H and Mitra Setia T and Madhusudhana S and Clink DJ,https://pubmed.ncbi.nlm.nih.gov/38766489/,eng,,United States,"RAYYAN-INCLUSION: {""Dori""=>""Included""}",10.7717/peerj.17320,"Animals;*Vocalization, Animal/physiology;Male;Pongo pygmaeus/physiology;Reproducibility of Results;Machine Learning;Acoustics;Sound Spectrography;Borneo",38766489,PMC11100477,
x,rayyan-305067096,Vocal repertoire and individuality in the plains zebra (Equus quagga).,2024,7,,Royal Society open science,2054-5703 (Print),11,7,240477,Xie B and Daunay V and Petersen TC and Briefer EF,https://pubmed.ncbi.nlm.nih.gov/39076369/,eng,,England,"RAYYAN-INCLUSION: {""Dori""=>""Included""}",10.1098/rsos.240477,,39076369,PMC11286140,
x,rayyan-305067139,A cooperatively breeding mouse shows flexible use of its vocal repertoire according to social context.,2025,5,28,Behavioural brain research,1872-7549 (Electronic),486,,115575,Perrier L and de Witasse Thézy A and Pradeau A and Schradin C and Greenfield MD and Mathevon N and Levréro F,https://pubmed.ncbi.nlm.nih.gov/40187690/,eng,,Netherlands,"RAYYAN-INCLUSION: {""Dori""=>""Included""}",10.1016/j.bbr.2025.115575,"Animals;*Vocalization, Animal/physiology;Male;Female;*Social Behavior;*Murinae/physiology;*Cooperative Behavior;Sexual Behavior, Animal/physiology;Mice",40187690,,
x,rayyan-380414611,Characterizing Vocal Repertoires—Hard vs. Soft Classification Approaches,2015,4,27,PLOS ONE,,10,4,e0125785,"Wadewitz, Philip and Hammerschmidt, Kurt and Battaglia, Demian and Witt, Annette and Wolf, Fred and Fischer, Julia",https://doi.org/10.1371/journal.pone.0125785,,,,,,10.1371/journal.pone.0125785,,,
x,rayyan-380414658,Ultrasonic Vocalizations of Male Mice Differ among Species and Females Show Assortative Preferences for Male Calls,2015,8,26,PLOS ONE,,10,8,e0134123,"Musolf, Kerstin and Meindl, Stefanie and Larsen, Angela L. and Kalcounis-Rueppell, Matina C. and Penn, Dustin J.",https://doi.org/10.1371/journal.pone.0134123,,,,,,10.1371/journal.pone.0134123,,,
x,rayyan-380414727,MUPET—Mouse Ultrasonic Profile ExTraction: A Signal Processing Tool for Rapid and Unsupervised Analysis of Ultrasonic Vocalizations,2017,5,3,Neuron,0896-6273,94,3,465-485.e5,"Van Segbroeck, Maarten and Knoll, Allison T. and Levitt, Pat and Narayanan, Shrikanth",https://doi.org/10.1016/j.neuron.2017.04.005,,,,,<p>doi: 10.1016/j.neuron.2017.04.005</p>,10.1016/j.neuron.2017.04.005,,,
x,rayyan-380414723,DeepSqueak: a deep learning-based system for detection and analysis of ultrasonic vocalizations,2019,4,1,Neuropsychopharmacology,1740-634X,44,5,859-868,"Coffey, Kevin R. and Marx, Ruby E. and Neumaier, John F.",https://doi.org/10.1038/s41386-018-0303-6,,,,,,10.1038/s41386-018-0303-6,,,
x,rayyan-380414692,Tolerant and intolerant macaques show different levels of structural complexity in their vocal communication,2020,6,10,Proceedings of the Royal Society B: Biological Sciences,,287,1928,20200439,"Rebout, Nancy and De Marco, Arianna and Lone, Jean-Christophe and Sanna, Andrea and Cozzolino, Roberto and Micheletta, Jérôme and Sterck, Elisabeth H. M. and Langermans, Jan A. M. and Lemasson, Alban and Thierry, Bernard",https://doi.org/10.1098/rspb.2020.0439,,,,,<p>doi: 10.1098/rspb.2020.0439</p>,10.1098/rspb.2020.0439,,,
x,rayyan-305067676,Chimpanzees produce diverse vocal sequences with ordered and recombinatorial properties.,2022,5,16,Communications biology,2399-3642 (Electronic),5,1,410,Girard-Buttoz C and Zaccarella E and Bortolato T and Friederici AD and Wittig RM and Crockford C,https://pubmed.ncbi.nlm.nih.gov/35577891/,eng,,England,"RAYYAN-INCLUSION: {""Dori""=>""Included""}",10.1038/s42003-022-03350-8,"Animals;Biological Evolution;Language;*Pan troglodytes;Sound;*Vocalization, Animal",35577891,PMC9110424,
x,rayyan-380414581,Baboon vocal repertoires and the evolution of primate vocal diversity,2019,,,Journal of human evolution,0047-2484,126,,1-13,"Hammerschmidt, Kurt and Fischer, Julia",,,,,,,,,,
x,rayyan-380414595,"First observations on colony structure, behavior and vocal repertoire of the South American fur seal (Arctocephalus australis, Zimmermann 1783) in Peru",1981,,,Zeitschrift für Säugetierkunde,0044-3468,46,,,"Trillmich, Fritz and Majluf, Patricia",,,,,,,,,,
x,rayyan-380414584,Preliminary study on the acoustic communication of captive otters (Lutra lutra),1995,,,"Hystrix, the Italian Journal of Mammalogy",1825-5272,7,1,,"Gnoli, Claudio and Prigioni, Claudio",,,,,,,,,,
x,rayyan-380414686,"Rutting vocalizations of Formosan sika deer Cervus nippon taiouanus—acoustic structure, seasonal and diurnal variations, and individuality",2013,,,Zoological Science,0289-0003,30,12,1025-1031,"Yen, Shih-Ching and Shieh, Bao-Sen and Wang, Yi-Ting and Wang, Ying",,,,,,,,,,
x,rayyan-380414641,Ultrasonic courtship vocalizations in wild house mice: spectrographic analyses,2012,1,1,Journal of Ethology,1439-5444,30,1,173-180,"Hoffmann, Frauke and Musolf, Kerstin and Penn, Dustin J.",https://doi.org/10.1007/s10164-011-0312-y,,,,,,10.1007/s10164-011-0312-y,,,
x,rayyan-380414751,"Vocalization analyses of nocturnal arboreal mammals of the Taita Hills, Kenya",2020,,,Diversity,1424-2818,12,12,473,"Rosti, Hanna and Pihlström, Henry and Bearder, Simon and Pellikka, Petri and Rikkinen, Jouko",,,,,,,,,,